date;me;sp;pos;ma;
2016-09-12 17:43:58.508009;21.622205357535208;21.622205357535208;98.55949642796743;1
2016-09-12 17:46:51.308009;21.896776953868763;21.622205357535208;100.77735644924927;1
2016-09-12 17:49:44.108009;21.898048539972848;21.622205357535208;93.28301490718108;1
2016-09-12 17:52:36.908009;21.666153853803323;21.622205357535208;99.88149736810985;1
2016-09-12 17:55:29.708009;21.39101666481842;21.622205357535208;100.62626500145541;1
2016-09-12 17:58:22.508009;21.311458695349128;21.622205357535208;98.98101701886424;1
2016-09-12 18:01:15.308009;21.535449598726842;21.622205357535208;93.62138965664485;1
2016-09-12 18:04:08.108009;21.823578922424726;21.622205357535208;98.85365283451554;1
2016-09-12 18:07:00.908009;21.931877566596423;21.622205357535208;91.78671110581561;1
2016-09-12 18:09:53.708009;21.753166214885102;21.622205357535208;92.59706763085613;1
2016-09-12 18:12:46.508009;21.458716235101036;21.622205357535208;97.07002922319734;1
2016-09-12 18:15:39.308009;21.298350242412283;21.622205357535208;100.24490844461879;1
2016-09-12 18:18:32.108009;21.450623770606693;21.622205357535208;98.34236615626298;1
2016-09-12 18:21:24.908009;21.759369617773643;21.622205357535208;92.24932780200575;1
2016-09-12 18:24:17.708009;21.938981905077192;21.622205357535208;97.77608838622223;1
2016-09-12 18:27:10.508009;21.82469525751291;21.622205357535208;97.8073100978713;1
2016-09-12 18:30:03.308009;21.529754659153273;21.622205357535208;99.85892524409246;1
2016-09-12 18:32:56.108009;21.325432527013707;21.622205357535208;100.71132466628902;1
2016-09-12 18:35:48.908009;21.382553086756477;21.622205357535208;97.01219006140043;1
2016-09-12 18:38:41.708009;21.668266162453925;21.622205357535208;93.31698775895262;1
2016-09-12 18:41:34.508009;21.919589021489408;21.622205357535208;94.4546827765914;1
2016-09-12 18:44:27.308009;21.89418033823573;21.622205357535208;99.25411360071682;1
2016-09-12 18:47:20.108009;21.619462002936757;21.622205357535208;99.2591828819972;1
2016-09-12 18:50:12.908009;21.34634844686102;21.622205357535208;100.47709999016035;1
2016-09-12 18:53:05.708009;21.325130662725496;21.622205357535208;95.07157929719769;1
2016-09-12 18:55:58.508009;21.578787823789842;21.622205357535208;94.2233581286922;1
2016-09-12 18:58:51.308009;21.866473437617564;21.622205357535208;91.91223111629316;1
2016-09-12 19:01:44.108009;21.91474956199761;21.622205357535208;94.20828075709713;1
2016-09-12 19:04:36.908009;21.707205499585598;21.622205357535208;96.31360645854672;1
2016-09-12 19:07:29.708009;21.41902671180417;21.622205357535208;93.94018346373183;1
2016-09-12 19:10:22.508009;21.323722330189874;21.622205357535208;99.23925410698436;1
2016-09-12 19:13:15.308009;21.499673535837985;21.622205357535208;94.37522021207572;1
2016-09-12 19:16:08.108009;21.791977221137977;21.622205357535208;93.00351192858686;1
2016-09-12 19:19:00.908009;21.926872610170683;21.622205357535208;99.16674187906706;1
2016-09-12 19:21:53.708009;21.783105616263303;21.622205357535208;100.42348619446122;1
2016-09-12 19:24:46.508009;21.485953242567632;21.622205357535208;96.97605193736062;1
2016-09-12 19:27:39.308009;21.3187234743848;21.622205357535208;97.5535723485371;1
2016-09-12 19:30:32.108009;21.41403068886668;21.622205357535208;96.61970585127409;1
2016-09-12 19:33:24.908009;21.718662709609195;21.622205357535208;97.83065575770657;1
2016-09-12 19:36:17.708009;21.93902584043705;21.622205357535208;98.35250010855151;1
2016-09-12 19:39:10.508009;21.85987525376435;21.622205357535208;92.67421239593617;1
2016-09-12 19:42:03.308009;21.57029011511435;21.622205357535208;97.19295402184358;1
2016-09-12 19:44:56.108009;21.329222954893616;21.622205357535208;98.78929428456125;1
2016-09-12 19:47:48.908009;21.35064998084605;21.622205357535208;95.02581731975178;1
2016-09-12 19:50:41.708009;21.627519176727183;21.622205357535208;99.40859239443267;1
2016-09-12 19:53:34.508009;21.89350895184605;21.622205357535208;92.81523408637891;1
2016-09-12 19:56:27.308009;21.89520049097124;21.622205357535208;94.10239128254732;1
2016-09-12 19:59:20.108009;21.66268787228831;21.622205357535208;92.49743636952793;1
2016-09-12 20:02:12.908009;21.389427205484953;21.622205357535208;94.98751137482154;1
2016-09-12 20:05:05.708009;21.33481401180205;21.622205357535208;98.1598598938503;1
2016-09-12 20:07:58.508009;21.54030599997681;21.622205357535208;97.60691969188552;1
2016-09-12 20:10:51.308009;21.823812062053968;21.622205357535208;92.48682964037276;1
2016-09-12 20:13:44.108009;21.937107492597526;21.622205357535208;95.28295975211361;1
2016-09-12 20:16:36.908009;21.7417051029444;21.622205357535208;99.18812585004244;1
2016-09-12 20:19:29.708009;21.43961668096437;21.622205357535208;98.07935375364283;0
2016-09-12 20:22:22.508009;21.29663966784497;21.622205357535208;93.18038568278169;0
2016-09-12 20:25:15.308009;21.45764736068235;21.622205357535208;99.52239054703783;0
2016-09-12 20:28:08.108009;21.761438163937516;21.622205357535208;99.81484167405983;0
2016-09-12 20:31:00.908009;21.926260736892615;21.622205357535208;92.91367833924474;0
2016-09-12 20:33:53.708009;21.825161611228594;21.622205357535208;99.47583098746114;0
2016-09-12 20:36:46.508009;21.52225878721111;21.622205357535208;97.05531188054496;0
2016-09-12 20:39:39.308009;21.323807884876445;21.622205357535208;97.44213641183724;0
2016-09-12 20:42:32.108009;21.392117517227344;21.622205357535208;99.80254488349053;0
2016-09-12 20:45:24.908009;21.675624996177568;21.622205357535208;92.43930434762483;0
2016-09-12 20:48:17.708009;21.91878209526011;21.622205357535208;99.25202562268656;0
2016-09-12 20:51:10.508009;21.87945585353069;21.622205357535208;97.81318053491252;0
2016-09-12 20:54:03.308009;21.614013967639387;21.622205357535208;94.11296106432256;0
2016-09-12 20:56:56.108009;21.341128455044363;21.622205357535208;92.13980765758245;0
2016-09-12 20:59:48.908009;21.343119905044833;21.622205357535208;98.88773311490772;0
2016-09-12 21:02:41.708009;21.585524076198517;21.622205357535208;98.39116739620674;0
2016-09-12 21:05:34.508009;21.866902577595415;21.622205357535208;96.33397909007371;0
2016-09-12 21:08:27.308009;21.920021104809376;21.622205357535208;94.69431909066377;0
2016-09-12 21:11:20.108009;21.701373319011772;21.622205357535208;95.12071004722665;0
2016-09-12 21:14:12.908009;21.40517538607615;21.622205357535208;97.9825307918692;0
2016-09-12 21:17:05.708009;21.318955422172834;21.622205357535208;91.7149372639769;0
2016-09-12 21:19:58.508009;21.499419960908867;21.622205357535208;92.7684522807985;0
2016-09-12 21:22:51.308009;21.79243996406635;21.622205357535208;93.94720650368423;0
2016-09-12 21:25:44.108009;21.940961802855522;21.622205357535208;94.51990081052128;0
2016-09-12 21:28:36.908009;21.78284044393531;21.622205357535208;98.08985537564506;0
2016-09-12 21:31:29.708009;21.480232582593732;21.622205357535208;100.08720705496822;0
2016-09-12 21:34:22.508009;21.318610724739493;21.622205357535208;97.23545529178021;0
2016-09-12 21:37:15.308009;21.425389167078464;21.622205357535208;96.62929309622334;0
2016-09-12 21:40:08.108009;21.7170013834833;21.622205357535208;95.72692783759486;0
2016-09-12 21:43:00.908009;21.93584402264584;21.622205357535208;92.42872160553202;0
2016-09-12 21:45:53.708009;21.856908531724866;21.622205357535208;100.83024960300057;0
2016-09-12 21:48:46.508009;21.568317205098356;21.622205357535208;92.63939836989984;0
2016-09-12 21:51:39.308009;21.32461646976339;21.622205357535208;93.92989138093627;0
2016-09-12 21:54:32.108009;21.35918189680596;21.622205357535208;100.3411929747532;0
2016-09-12 21:57:24.908009;21.633099933323262;21.622205357535208;99.38313446859945;0
2016-09-12 22:00:17.708009;21.892271162681567;21.622205357535208;95.04451643714542;0
2016-09-12 22:03:10.508009;21.903525223419745;21.622205357535208;92.93267016637348;0
2016-09-12 22:06:03.308009;21.6568721850328;21.622205357535208;94.60625055888163;0
2016-09-12 22:08:56.108009;21.38155730980092;21.622205357535208;98.90764807304446;0
2016-09-12 22:11:48.908009;21.330557514143194;21.622205357535208;97.03113905191368;1
2016-09-12 22:14:41.708009;21.547530318300318;21.622205357535208;98.37420082365107;1
2016-09-12 22:17:34.508009;21.846303217290643;21.622205357535208;93.51778778439963;1
2016-09-12 22:20:27.308009;21.942481992045405;21.622205357535208;93.02093398126097;1
2016-09-12 22:23:20.108009;21.743491765801696;21.622205357535208;93.78270700811281;1
2016-09-12 22:26:12.908009;21.435431020632404;21.622205357535208;100.49131521978954;0
2016-09-12 22:29:05.708009;21.29820477877318;21.622205357535208;95.69088160304584;0
2016-09-12 22:31:58.508009;21.469314209369305;21.622205357535208;97.11680557276243;0
2016-09-12 22:34:51.308009;21.76570933416679;21.622205357535208;96.92938956843926;0
2016-09-12 22:37:44.108009;21.923959587160404;21.622205357535208;100.33495283753211;0
2016-09-12 22:40:36.908009;21.81598765157926;21.622205357535208;94.73694770669944;0
2016-09-12 22:43:29.708009;21.516322375620938;21.622205357535208;99.97612712761963;0
2016-09-12 22:46:22.508009;21.327712986324148;21.622205357535208;92.14374097348063;0
2016-09-12 22:49:15.308009;21.398523188317544;21.622205357535208;94.88038620536811;0
2016-09-12 22:52:08.108009;21.67784695102299;21.622205357535208;96.93540753911134;0
2016-09-12 22:55:00.908009;21.914772172712905;21.622205357535208;92.48030015970487;0
2016-09-12 22:57:53.708009;21.86894553846531;21.622205357535208;94.57670843527121;0
2016-09-12 23:00:46.508009;21.608362087051088;21.622205357535208;94.23430300350891;0
2016-09-12 23:03:39.308009;21.358250771114168;21.622205357535208;96.44651682973176;0
2016-09-12 23:06:32.108009;21.343748085521042;21.622205357535208;100.35444960807813;0
2016-09-12 23:09:24.908009;21.590590225452257;21.622205357535208;94.17186906043989;0
2016-09-12 23:12:17.708009;21.858793288627112;21.622205357535208;100.67461473052543;0
2016-09-12 23:15:10.508009;21.918704547532347;21.622205357535208;100.11837582272618;0
2016-09-12 23:18:03.308009;21.69779082166275;21.622205357535208;91.75861550158751;0
2016-09-12 23:20:56.108009;21.396966102614286;21.622205357535208;91.75208574534534;0
2016-09-12 23:23:48.908009;21.307689871352018;21.622205357535208;96.07536430495873;0
2016-09-12 23:26:41.708009;21.501672845722553;21.622205357535208;97.92816991596162;0
2016-09-12 23:29:34.508009;21.807318099684345;21.622205357535208;95.14492021365493;0
2016-09-12 23:32:27.308009;21.946445644034043;21.622205357535208;98.60190898784708;0
2016-09-12 23:35:20.108009;21.77553064248556;21.622205357535208;97.9085620475927;0
2016-09-12 23:38:12.908009;21.475029101264106;21.622205357535208;92.51123391163051;0
2016-09-12 23:41:05.708009;21.318512466480314;21.622205357535208;94.95531495971878;0
2016-09-12 23:43:58.508009;21.419888803359104;21.622205357535208;96.44899853507576;0
2016-09-12 23:46:51.308009;21.72224478354331;21.622205357535208;98.0104550828466;0
2016-09-12 23:49:44.108009;21.922207651326044;21.622205357535208;98.94150577743213;0
2016-09-12 23:52:36.908009;21.8401139659145;21.622205357535208;100.50767073380945;0
2016-09-12 23:55:29.708009;21.559971256767575;21.622205357535208;92.00716711240123;0
2016-09-12 23:58:22.508009;21.339192742412028;21.622205357535208;92.9439657576561;0
2016-09-13 00:01:15.308009;21.363183187207607;21.622205357535208;99.38791809277905;0
2016-09-13 00:04:08.108009;21.63954060451985;21.622205357535208;94.1076599133601;0
2016-09-13 00:07:00.908009;21.896129285499715;21.622205357535208;95.71040966677127;0
2016-09-13 00:09:53.708009;21.912288904905765;21.622205357535208;96.97265013231056;0
2016-09-13 00:12:46.508009;21.649624285476023;21.622205357535208;97.37295467448529;0
2016-09-13 00:15:39.308009;21.374847360866635;21.622205357535208;98.24558576297488;0
2016-09-13 00:18:32.108009;21.338222176263272;21.622205357535208;96.26455735939435;0
2016-09-13 00:21:24.908009;21.550879242361656;21.622205357535208;98.25660250858498;0
2016-09-13 00:24:17.708009;21.842667396325332;21.622205357535208;93.01296205981846;0
2016-09-13 00:27:10.508009;21.942829037591327;21.622205357535208;93.74573247662434;0
2016-09-13 00:30:03.308009;21.74203895917477;21.622205357535208;92.01431161880434;0
2016-09-13 00:32:56.108009;21.429721828288773;21.622205357535208;97.8204907108351;0
2016-09-13 00:35:48.908009;21.310259176630762;21.622205357535208;93.31510851505062;0
2016-09-13 00:38:41.708009;21.461167456937385;21.622205357535208;99.5759200811035;0
2016-09-13 00:41:34.508009;21.774559107300874;21.622205357535208;92.89242026914856;0
2016-09-13 00:44:27.308009;21.948876032125515;21.622205357535208;92.81520919666971;0
2016-09-13 00:47:20.108009;21.81773507375158;21.622205357535208;95.32908839172447;0
2016-09-13 00:50:12.908009;21.513073972197898;21.622205357535208;98.54063109330743;0
2016-09-13 00:53:05.708009;21.30936112374864;21.622205357535208;91.86952010931375;0
2016-09-13 00:55:58.508009;21.393615254518725;21.622205357535208;97.34020566060701;0
2016-09-13 00:58:51.308009;21.686719667389852;21.622205357535208;93.34019470280147;0
2016-09-13 01:01:44.108009;21.910130314620634;21.622205357535208;99.93574307316374;0
2016-09-13 01:04:36.908009;21.865671318447404;21.622205357535208;91.63002993185641;0
2016-09-13 01:07:29.708009;21.60230332325097;21.622205357535208;93.17418285345941;0
2016-09-13 01:10:22.508009;21.349862310873785;21.622205357535208;93.24645089191011;0
2016-09-13 01:13:15.308009;21.340050931137718;21.622205357535208;98.45627134094035;0
2016-09-13 01:16:08.108009;21.596289569146258;21.622205357535208;99.279401722473;0
2016-09-13 01:19:00.908009;21.882640739538186;21.622205357535208;100.67715934500305;0
2016-09-13 01:21:53.708009;21.926845447720535;21.622205357535208;93.56877318322086;0
2016-09-13 01:24:46.508009;21.688774655745814;21.622205357535208;99.25442764829474;0
2016-09-13 01:27:39.308009;21.399227667383553;21.622205357535208;92.70326072746431;0
2016-09-13 01:30:32.108009;21.311877050099024;21.622205357535208;95.01763263476728;0
2016-09-13 01:33:24.908009;21.515304611627172;21.622205357535208;98.92326138451334;0
2016-09-13 01:36:17.708009;21.81097603352858;21.622205357535208;94.90568851963162;0
2016-09-13 01:39:10.508009;21.94659658846046;21.622205357535208;97.06346596055876;0
2016-09-13 01:42:03.308009;21.772204294627006;21.622205357535208;97.38276524074077;0
2016-09-13 01:44:56.108009;21.469425825066562;21.622205357535208;100.23481810352793;0
2016-09-13 01:47:48.908009;21.29368394876315;21.622205357535208;94.6884703979895;0
2016-09-13 01:50:41.708009;21.427117161385375;21.622205357535208;99.30186935385814;0
2016-09-13 01:53:34.508009;21.734241733853597;21.622205357535208;98.6978374858;0
2016-09-13 01:56:27.308009;21.925059996635145;21.622205357535208;97.25802574146952;0
2016-09-13 01:59:20.108009;21.848507204478206;21.622205357535208;91.56460692000732;0
2016-09-13 02:02:12.908009;21.55724079800984;21.622205357535208;94.12316674768128;0
2016-09-13 02:05:05.708009;21.33074387508137;21.622205357535208;98.19214866586236;0
2016-09-13 02:07:58.508009;21.37121406951339;21.622205357535208;97.63309950392332;0
2016-09-13 02:10:51.308009;21.645037344313813;21.622205357535208;95.10745670601618;0
2016-09-13 02:13:44.108009;21.88619872338374;21.622205357535208;98.6889860696788;0
2016-09-13 02:16:36.908009;21.896854628962064;21.622205357535208;93.70186206145642;0
2016-09-13 02:19:29.708009;21.644862814676696;21.622205357535208;100.74485423619802;0
2016-09-13 02:22:22.508009;21.374980935437232;21.622205357535208;98.35390247057433;0
2016-09-13 02:25:15.308009;21.32670679027125;21.622205357535208;97.87095003459562;0
2016-09-13 02:28:08.108009;21.55835423375597;21.622205357535208;93.9369644505199;0
2016-09-13 02:31:00.908009;21.847173299628185;21.622205357535208;96.11047352755931;0
2016-09-13 02:33:53.708009;21.927280165417127;21.622205357535208;93.11249498677739;0
2016-09-13 02:36:46.508009;21.730450714333674;21.622205357535208;91.46430529901356;0
2016-09-13 02:39:39.308009;21.43519637889315;21.622205357535208;96.7620733909952;0
2016-09-13 02:42:32.108009;21.30232320656576;21.622205357535208;96.93106673299319;0
2016-09-13 02:45:24.908009;21.469190744046866;21.622205357535208;99.98955168795715;0
2016-09-13 02:48:17.708009;21.778296080001432;21.622205357535208;95.37090241687045;0
2016-09-13 02:51:10.508009;21.941656095066094;21.622205357535208;92.97976678280612;0
2016-09-13 02:54:03.308009;21.805972821528538;21.622205357535208;93.85833608333533;0
2016-09-13 02:56:56.108009;21.510585080818426;21.622205357535208;99.67406444773655;0
2016-09-13 02:59:48.908009;21.31307094914667;21.622205357535208;96.69567723478072;0
2016-09-13 03:02:41.708009;21.406436148903918;21.622205357535208;94.44105060741198;0
2016-09-13 03:05:34.508009;21.691378002515176;21.622205357535208;94.94189228074411;0
2016-09-13 03:08:27.308009;21.92609295093158;21.622205357535208;95.61538384655995;0
2016-09-13 03:11:20.108009;21.863574368950065;21.622205357535208;97.59957174843923;1
2016-09-13 03:14:12.908009;21.597215773176472;21.622205357535208;91.49786372050866;1
2016-09-13 03:17:05.708009;21.35222823620668;21.622205357535208;95.03896431656752;1
2016-09-13 03:19:58.508009;21.33654385513406;21.622205357535208;94.3050190606465;1
2016-09-13 03:22:51.308009;21.602692682431773;21.622205357535208;91.6151877388383;1
2016-09-13 03:25:44.108009;21.864372633120155;21.622205357535208;99.96060713532823;1
2016-09-13 03:28:36.908009;21.90867054362893;21.622205357535208;93.06683955986611;1
2016-09-13 03:31:29.708009;21.68611068707236;21.622205357535208;95.46745737686189;1
2016-09-13 03:34:22.508009;21.388532806382457;21.622205357535208;96.82031141274256;1
2016-09-13 03:37:15.308009;21.31478674564431;21.622205357535208;98.39548561287377;1
2016-09-13 03:40:08.108009;21.520113922037506;21.622205357535208;91.78167807604615;1
2016-09-13 03:43:00.908009;21.81728304914285;21.622205357535208;100.32541276436459;1
2016-09-13 03:45:53.708009;21.931848163454415;21.622205357535208;95.53336286046469;1
2016-09-13 03:48:46.508009;21.773146555344987;21.622205357535208;95.19374662179516;1
2016-09-13 03:51:39.308009;21.469144617499794;21.622205357535208;97.73367844332864;1
2016-09-13 03:54:32.108009;21.308580155433393;21.622205357535208;95.49017958633694;1
2016-09-13 03:57:24.908009;21.445604240871326;21.622205357535208;92.77371582819136;1
2016-09-13 04:00:17.708009;21.741320507454287;21.622205357535208;97.58982102310252;1
2016-09-13 04:03:10.508009;21.92503410302669;21.622205357535208;92.85062759906317;1
2016-09-13 04:06:03.308009;21.833364454200012;21.622205357535208;93.01615834263994;1
2016-09-13 04:08:56.108009;21.553411652784476;21.622205357535208;95.04771273350048;1
2016-09-13 04:11:48.908009;21.323240430045523;21.622205357535208;97.14716784879721;1
2016-09-13 04:14:41.708009;21.36591697781495;21.622205357535208;98.7809274313165;1
2016-09-13 04:17:34.508009;21.64975513496279;21.622205357535208;99.54646883259532;1
2016-09-13 04:20:27.308009;21.909562095966066;21.622205357535208;97.472352430238;1
2016-09-13 04:23:20.108009;21.90244208422413;21.622205357535208;100.2620925228411;1
2016-09-13 04:26:12.908009;21.63906050236821;21.622205357535208;96.39885449842963;1
2016-09-13 04:29:05.708009;21.37333911720364;21.622205357535208;97.93531236276716;1
2016-09-13 04:31:58.508009;21.33047720113707;21.622205357535208;92.53604230872605;1
2016-09-13 04:34:51.308009;21.562743623382087;21.622205357535208;100.51139671084387;1
2016-09-13 04:37:44.108009;21.844624267719453;21.622205357535208;100.5817919568598;1
2016-09-13 04:40:36.908009;21.925692345350114;21.622205357535208;96.9306183684923;1
2016-09-13 04:43:29.708009;21.72617107527181;21.622205357535208;97.4323166655287;1
2016-09-13 04:46:22.508009;21.4358973788609;21.622205357535208;95.98099600848728;1
2016-09-13 04:49:15.308009;21.316124715516313;21.622205357535208;99.21342347441902;1
2016-09-13 04:52:08.108009;21.474429716580673;21.622205357535208;97.17631552577264;1
2016-09-13 04:55:00.908009;21.772099031538847;21.622205357535208;95.04668363004662;1
2016-09-13 04:57:53.708009;21.940955388245733;21.622205357535208;96.01221644254002;0
2016-09-13 05:00:46.508009;21.798011562073473;21.622205357535208;95.23117705389352;0
2016-09-13 05:03:39.308009;21.501404317448507;21.622205357535208;97.420138499412;0
2016-09-13 05:06:32.108009;21.298211906318446;21.622205357535208;98.11347137803193;0
2016-09-13 05:09:24.908009;21.396909133723053;21.622205357535208;93.14064168419146;0
2016-09-13 05:12:17.708009;21.695798400092485;21.622205357535208;96.64635860963742;0
2016-09-13 05:15:10.508009;21.920119383832375;21.622205357535208;97.44482711638139;0
2016-09-13 05:18:03.308009;21.866368045361092;21.622205357535208;95.69165511793716;0
2016-09-13 05:20:56.108009;21.592820149796584;21.622205357535208;95.32531492524012;0
2016-09-13 05:23:48.908009;21.346752961569546;21.622205357535208;100.52835990144499;0
2016-09-13 05:26:41.708009;21.34356243803226;21.622205357535208;100.23843267321799;0
2016-09-13 05:29:34.508009;21.60835584028229;21.622205357535208;97.16289077104379;0
2016-09-13 05:32:27.308009;21.890999598568282;21.622205357535208;94.71403532862766;0
2016-09-13 05:35:20.108009;21.918837517618318;21.622205357535208;92.26711053859826;0
2016-09-13 05:38:12.908009;21.682763103761914;21.622205357535208;93.26197551359522;0
2016-09-13 05:41:05.708009;21.39943320098269;21.622205357535208;93.82882968089321;0
2016-09-13 05:43:58.508009;21.329391272032403;21.622205357535208;93.65606731873936;0
2016-09-13 05:46:51.308009;21.516083961225316;21.622205357535208;100.26887805563607;0
2016-09-13 05:49:44.108009;21.823579953814207;21.622205357535208;95.48917180655086;0
2016-09-13 05:52:36.908009;21.930238519582392;21.622205357535208;94.16393364096771;0
2016-09-13 05:55:29.708009;21.759604400830415;21.622205357535208;93.52512816136105;0
2016-09-13 05:58:22.508009;21.460188960986372;21.622205357535208;92.56096303071598;0
2016-09-13 06:01:15.308009;21.312761602444755;21.622205357535208;97.3193323787047;0
2016-09-13 06:04:08.108009;21.44442044011432;21.622205357535208;96.07627615623488;0
2016-09-13 06:07:00.908009;21.738899660330425;21.622205357535208;95.52823062751021;0
2016-09-13 06:09:53.708009;21.930977779732732;21.622205357535208;93.56148879341954;0
2016-09-13 06:12:46.508009;21.838408870259997;21.622205357535208;92.92539491527195;1
2016-09-13 06:15:39.308009;21.542383747588154;21.622205357535208;98.6895194849003;1
2016-09-13 06:18:32.108009;21.320558154194092;21.622205357535208;94.18661892347102;1
2016-09-13 06:21:24.908009;21.379489395383242;21.622205357535208;99.30097341563341;1
2016-09-13 06:24:17.708009;21.655121031880896;21.622205357535208;92.7930747626672;1
2016-09-13 06:27:10.508009;21.90875619181356;21.622205357535208;95.01775808574276;1
2016-09-13 06:30:03.308009;21.90064140377595;21.622205357535208;99.86564450743724;1
2016-09-13 06:32:56.108009;21.633012196255088;21.622205357535208;99.49249038214705;1
2016-09-13 06:35:48.908009;21.358396139666812;21.622205357535208;92.52166585384676;1
2016-09-13 06:38:41.708009;21.343811496429655;21.622205357535208;96.95779341159827;1
2016-09-13 06:41:34.508009;21.565243680616184;21.622205357535208;93.42980707812137;1
2016-09-13 06:44:27.308009;21.854681390165112;21.622205357535208;99.59548701163996;1
2016-09-13 06:47:20.108009;21.913001043991528;21.622205357535208;94.93482470300653;1
2016-09-13 06:50:12.908009;21.721154792267708;21.622205357535208;92.71706174985657;1
2016-09-13 06:53:05.708009;21.430048287772895;21.622205357535208;94.09292107988115;1
2016-09-13 06:55:58.508009;21.294729601944603;21.622205357535208;95.97768703447385;1
2016-09-13 06:58:51.308009;21.479182568026914;21.622205357535208;100.52156277597724;1
2016-09-13 07:01:44.108009;21.78001004619967;21.622205357535208;94.74200087373767;1
2016-09-13 07:04:36.908009;21.944716822150273;21.622205357535208;100.05577092899813;1
2016-09-13 07:07:29.708009;21.797912571183574;21.622205357535208;93.16358896195806;1
2016-09-13 07:10:22.508009;21.49471165617033;21.622205357535208;96.23285709814266;1
2016-09-13 07:13:15.308009;21.3117793678215;21.622205357535208;92.3379540355086;1
2016-09-13 07:16:08.108009;21.40722415733644;21.622205357535208;94.77600668369789;1
2016-09-13 07:19:00.908009;21.699885889880218;21.622205357535208;92.43865969289915;1
2016-09-13 07:21:53.708009;21.912039333573887;21.622205357535208;97.77847119009976;1
2016-09-13 07:24:46.508009;21.861342844119076;21.622205357535208;94.13171702863283;1
2016-09-13 07:27:39.308009;21.5865241996861;21.622205357535208;91.80623302319904;1
2016-09-13 07:30:32.108009;21.343438357403233;21.622205357535208;96.24479542318639;1
2016-09-13 07:33:24.908009;21.352916799660157;21.622205357535208;95.24404666111464;1
2016-09-13 07:36:17.708009;21.613754926403388;21.622205357535208;95.82840542197776;1
2016-09-13 07:39:10.508009;21.890374951947376;21.622205357535208;93.31197926926026;1
2016-09-13 07:42:03.308009;21.899074413358818;21.622205357535208;99.40370188671125;1
2016-09-13 07:44:56.108009;21.67518561844776;21.622205357535208;94.62595342797192;1
2016-09-13 07:47:48.908009;21.393890299722557;21.622205357535208;98.07779933231758;1
2016-09-13 07:50:41.708009;21.314371544878455;21.622205357535208;96.39103837691503;1
2016-09-13 07:53:34.508009;21.524930316715977;21.622205357535208;97.0331612114418;1
2016-09-13 07:56:27.308009;21.815101767719504;21.622205357535208;99.98107922583644;1
2016-09-13 07:59:20.108009;21.94073598963709;21.622205357535208;99.42236986499601;1
2016-09-13 08:02:12.908009;21.757397477649977;21.622205357535208;96.77474126078988;1
2016-09-13 08:05:05.708009;21.450677909228467;21.622205357535208;97.19216200321387;1
2016-09-13 08:07:58.508009;21.314234651234134;21.622205357535208;92.29258890612662;1
2016-09-13 08:10:51.308009;21.452431988882864;21.622205357535208;96.32769521015794;1
2016-09-13 08:13:44.108009;21.748369967351685;21.622205357535208;98.73110777248363;1
2016-09-13 08:16:36.908009;21.93755603880664;21.622205357535208;92.95336553786163;1
2016-09-13 08:19:29.708009;21.840465869085193;21.622205357535208;93.77495209866802;1
2016-09-13 08:22:22.508009;21.54026787325385;21.622205357535208;92.9030150978502;1
2016-09-13 08:25:15.308009;21.319141282754657;21.622205357535208;95.62297593976783;1
2016-09-13 08:28:08.108009;21.370816463277418;21.622205357535208;95.42146229011996;1
2016-09-13 08:31:00.908009;21.66239792780819;21.622205357535208;94.23179504603176;1
2016-09-13 08:33:53.708009;21.917306662050645;21.622205357535208;95.06057983360999;1
2016-09-13 08:36:46.508009;21.88434009139973;21.622205357535208;93.87034772273695;1
2016-09-13 08:39:39.308009;21.62771555678606;21.622205357535208;94.74111414509406;1
2016-09-13 08:42:32.108009;21.35916465307578;21.622205357535208;94.02381086149742;1
2016-09-13 08:45:24.908009;21.330376525280084;21.622205357535208;95.45665238572802;1
2016-09-13 08:48:17.708009;21.574300849498126;21.622205357535208;99.96863763021514;1
2016-09-13 08:51:10.508009;21.864992442725274;21.622205357535208;93.46654678731694;1
2016-09-13 08:54:03.308009;21.930991491044708;21.622205357535208;94.30196332359941;1
2016-09-13 08:56:56.108009;21.712050121022898;21.622205357535208;97.05838996600642;1
2016-09-13 08:59:48.908009;21.41079421474239;21.622205357535208;94.4326716299634;1
2016-09-13 09:02:41.708009;21.3171997397985;21.622205357535208;92.0861231789816;1
2016-09-13 09:05:34.508009;21.48116499083992;21.622205357535208;96.0174171189768;1
2016-09-13 09:08:27.308009;21.785683853988587;21.622205357535208;93.24025187402898;1
2016-09-13 09:11:20.108009;21.939427830441744;21.622205357535208;98.6976215967611;1
2016-09-13 09:14:12.908009;21.80180942406055;21.622205357535208;94.25058187272539;1
2016-09-13 09:17:05.708009;21.49148585893356;21.622205357535208;96.00819598442077;1
2016-09-13 09:19:58.508009;21.31021282710972;21.622205357535208;92.71404699655564;1
2016-09-13 09:22:51.308009;21.406964539848484;21.622205357535208;97.56956346304389;1
2016-09-13 09:25:44.108009;21.71072736871907;21.622205357535208;94.6013574613703;1
2016-09-13 09:28:36.908009;21.918483945116478;21.622205357535208;92.6739935919686;1
2016-09-13 09:31:29.708009;21.870288918009567;21.622205357535208;99.33488039179976;1
2016-09-13 09:34:22.508009;21.58080418585283;21.622205357535208;95.44863819563315;1
2016-09-13 09:37:15.308009;21.345644623645683;21.622205357535208;93.1406522635972;1
2016-09-13 09:40:08.108009;21.363040882004427;21.622205357535208;97.76305599607791;1
2016-09-13 09:43:00.908009;21.61933975309445;21.622205357535208;94.7298972453616;1
2016-09-13 09:45:53.708009;21.879872801320293;21.622205357535208;94.3585576408642;1
2016-09-13 09:48:46.508009;21.896793784176143;21.622205357535208;95.38358862651435;1
2016-09-13 09:51:39.308009;21.667521710426165;21.622205357535208;92.99608107250432;1
2016-09-13 09:54:32.108009;21.375413980912604;21.622205357535208;95.22328820353742;1
2016-09-13 09:57:24.908009;21.31918122806004;21.622205357535208;96.85416924915366;1
2016-09-13 10:00:17.708009;21.53520644964665;21.622205357535208;93.10253010357202;1
2016-09-13 10:03:10.508009;21.820204679567127;21.622205357535208;92.93594779438337;1
2016-09-13 10:06:03.308009;21.93723768438134;21.622205357535208;97.01867676501556;1
2016-09-13 10:08:56.108009;21.751241584787614;21.622205357535208;99.320939683849;1
2016-09-13 10:11:48.908009;21.454064764629894;21.622205357535208;98.22347276844287;1
2016-09-13 10:14:41.708009;21.30932863459579;21.622205357535208;93.50483479944319;1
2016-09-13 10:17:34.508009;21.449218294215477;21.622205357535208;97.98741679255572;1
2016-09-13 10:20:27.308009;21.74602772518362;21.622205357535208;96.53913095537702;1
2016-09-13 10:23:20.108009;21.92199207264138;21.622205357535208;94.96868018115293;1
2016-09-13 10:26:12.908009;21.821245471169952;21.622205357535208;97.19012048694235;1
2016-09-13 10:29:05.708009;21.53407387744913;21.622205357535208;92.85171575634153;1
2016-09-13 10:31:58.508009;21.323252277709784;21.622205357535208;96.17612226473737;1
2016-09-13 10:34:51.308009;21.37932790799145;21.622205357535208;100.0732708099401;1
2016-09-13 10:37:44.108009;21.668541203344216;21.622205357535208;96.79207110958376;1
2016-09-13 10:40:36.908009;21.9128374020528;21.622205357535208;98.27988811939201;1
2016-09-13 10:43:29.708009;21.89211831821053;21.622205357535208;97.65375436768015;1
2016-09-13 10:46:22.508009;21.622195827641008;21.622205357535208;97.8526247258565;1
2016-09-13 10:49:15.308009;21.347370698805438;21.622205357535208;91.85830197755888;1
2016-09-13 10:52:08.108009;21.341951885451927;21.622205357535208;91.95844417336131;1
2016-09-13 10:55:00.908009;21.57660272421502;21.622205357535208;95.24657941833446;1
2016-09-13 10:57:53.708009;21.856316051559862;21.622205357535208;94.42876014825347;1
2016-09-13 11:00:46.508009;21.914939183666387;21.622205357535208;93.38597916622034;1
2016-09-13 11:03:39.308009;21.70704663963123;21.622205357535208;91.62102261844538;1
2016-09-13 11:06:32.108009;21.419431092853177;21.622205357535208;99.85633531554979;1
2016-09-13 11:09:24.908009;21.31938970431229;21.622205357535208;100.20209784220097;1
2016-09-13 11:12:17.708009;21.49633583354623;21.622205357535208;98.47838041060729;1
2016-09-13 11:15:10.508009;21.788815203879775;21.622205357535208;100.11517330090149;1
2016-09-13 11:18:03.308009;21.924392875656952;21.622205357535208;96.03832326563672;1
2016-09-13 11:20:56.108009;21.797970336841825;21.622205357535208;91.81887280710552;1
2016-09-13 11:23:48.908009;21.49379001345717;21.622205357535208;92.77770288659796;1
2016-09-13 11:26:41.708009;21.303116279563543;21.622205357535208;99.2689140407443;1
2016-09-13 11:29:34.508009;21.420048639918114;21.622205357535208;96.1102185585794;1
2016-09-13 11:32:27.308009;21.70886063454262;21.622205357535208;100.091997668223;1
2016-09-13 11:35:20.108009;21.934827129688287;21.622205357535208;93.61955953827999;1
2016-09-13 11:38:12.908009;21.861423526086348;21.622205357535208;94.23873656617937;1
2016-09-13 11:41:05.708009;21.574235870774025;21.622205357535208;92.65907034454149;1
2016-09-13 11:43:58.508009;21.332839049524118;21.622205357535208;97.17718091353917;1
2016-09-13 11:46:51.308009;21.34737485310508;21.622205357535208;91.76883283646161;1
2016-09-13 11:49:44.108009;21.624976165291706;21.622205357535208;96.25873572878999;1
2016-09-13 11:52:36.908009;21.881300996703132;21.622205357535208;99.41595372575637;1
2016-09-13 11:55:29.708009;21.894089264229905;21.622205357535208;92.67566730390105;1
2016-09-13 11:58:22.508009;21.664348160119623;21.622205357535208;94.76073597317927;1
2016-09-13 12:01:15.308009;21.38826033871868;21.622205357535208;93.52985485765446;1
2016-09-13 12:04:08.108009;21.319553497696752;21.622205357535208;97.9223602295854;1
2016-09-13 12:07:00.908009;21.5393661520837;21.622205357535208;93.75114512349697;1
2016-09-13 12:09:53.708009;21.834942190027522;21.622205357535208;100.10851268055173;1
2016-09-13 12:12:46.508009;21.931104011142402;21.622205357535208;91.853739169855;1
2016-09-13 12:15:39.308009;21.748238842528313;21.622205357535208;99.5159334391809;1
2016-09-13 12:18:32.108009;21.450767506259275;21.622205357535208;93.13970440317546;1
2016-09-13 12:21:24.908009;21.30976991053957;21.622205357535208;91.40483777692005;1
2016-09-13 12:24:17.708009;21.45192266178264;21.622205357535208;94.6074733875314;1
2016-09-13 12:27:10.508009;21.757623329892226;21.622205357535208;99.76194186949692;1
2016-09-13 12:30:03.308009;21.930369103351104;21.622205357535208;99.52454865868911;1
2016-09-13 12:32:56.108009;21.82884129693619;21.622205357535208;91.55993765879577;1
2016-09-13 12:35:48.908009;21.526737323957665;21.622205357535208;97.9416681305331;1
2016-09-13 12:38:41.708009;21.306989008985177;21.622205357535208;99.82892844298014;1
2016-09-13 12:41:34.508009;21.39462715189788;21.622205357535208;98.07347782911114;1
2016-09-13 12:44:27.308009;21.67192380142715;21.622205357535208;93.68609352821922;1
2016-09-13 12:47:20.108009;21.911512593375846;21.622205357535208;97.02935155400264;1
2016-09-13 12:50:12.908009;21.892484669941;21.622205357535208;93.77147180043069;1
2016-09-13 12:53:05.708009;21.6167315411276;21.622205357535208;94.71797897744611;1
2016-09-13 12:55:58.508009;21.364017625540416;21.622205357535208;92.77619040213804;1
2016-09-13 12:58:51.308009;21.340735002188378;21.622205357535208;94.02560996800199;1
2016-09-13 13:01:44.108009;21.58171247535377;21.622205357535208;94.19455290391552;1
2016-09-13 13:04:36.908009;21.87154618444551;21.622205357535208;91.93045995679238;1
2016-09-13 13:07:29.708009;21.934503202338917;21.622205357535208;97.21030540895968;1
2016-09-13 13:10:22.508009;21.70205958788922;21.622205357535208;99.29908553537582;1
2016-09-13 13:13:15.308009;21.403811886395808;21.622205357535208;93.82248862865995;1
2016-09-13 13:16:08.108009;21.300696146831974;21.622205357535208;97.53924014800995;1
2016-09-13 13:19:00.908009;21.49939632700985;21.622205357535208;97.1749788806944;1
2016-09-13 13:21:53.708009;21.800990991247243;21.622205357535208;92.24878011308283;1
2016-09-13 13:24:46.508009;21.944929007326543;21.622205357535208;94.62404160028471;1
2016-09-13 13:27:39.308009;21.79137385539139;21.622205357535208;100.30253321309222;1
2016-09-13 13:30:32.108009;21.488988373737097;21.622205357535208;98.18250523855204;1
2016-09-13 13:33:24.908009;21.31844373472589;21.622205357535208;95.14209082559987;1
2016-09-13 13:36:17.708009;21.41948425476802;21.622205357535208;92.60234950900035;1
2016-09-13 13:39:10.508009;21.717670438915366;21.622205357535208;95.41470815323848;1
2016-09-13 13:42:03.308009;21.923331762830205;21.622205357535208;98.86426592209094;1
2016-09-13 13:44:56.108009;21.852095553302433;21.622205357535208;94.00360803829668;1
2016-09-13 13:47:48.908009;21.568584220368532;21.622205357535208;94.9816401183602;1
2016-09-13 13:50:41.708009;21.34449690591112;21.622205357535208;94.38459632637242;1
2016-09-13 13:53:34.508009;21.363454615245335;21.622205357535208;93.21651225376293;1
2016-09-13 13:56:27.308009;21.630253271389876;21.622205357535208;94.31319505551319;1
2016-09-13 13:59:20.108009;21.894112047171028;21.622205357535208;93.08490157514801;1
2016-09-13 14:02:12.908009;21.91490067028841;21.622205357535208;94.74643401746481;1
2016-09-13 14:05:05.708009;21.65765416499477;21.622205357535208;96.53440298106403;1
2016-09-13 14:07:58.508009;21.37430963861323;21.622205357535208;97.8892672791116;1
2016-09-13 14:10:51.308009;21.313881090223518;21.622205357535208;95.90951846806627;1
2016-09-13 14:13:44.108009;21.542707608655633;21.622205357535208;93.57175366384085;1
2016-09-13 14:16:36.908009;21.84437670794729;21.622205357535208;92.89527816018521;1
2016-09-13 14:19:29.708009;21.92323728375906;21.622205357535208;93.53041989861846;1
2016-09-13 14:22:22.508009;21.750065083441516;21.622205357535208;100.58497060648189;1
2016-09-13 14:25:15.308009;21.440403122771787;21.622205357535208;92.06088842575129;1
2016-09-13 14:28:08.108009;21.295686532203106;21.622205357535208;97.93598224194272;1
2016-09-13 14:31:00.908009;21.46417641477532;21.622205357535208;92.90332240608903;1
2016-09-13 14:33:53.708009;21.762808978263497;21.622205357535208;99.68806579908019;1
2016-09-13 14:36:46.508009;21.9451767439643;21.622205357535208;94.95708615454836;1
2016-09-13 14:39:39.308009;21.82011704496206;21.622205357535208;93.13461006749391;1
2016-09-13 14:42:32.108009;21.522653592725188;21.622205357535208;93.33370414694167;1
2016-09-13 14:45:24.908009;21.315672014184084;21.622205357535208;92.97340655570734;1
2016-09-13 14:48:17.708009;21.393669962143147;21.622205357535208;99.10295275622234;1
2016-09-13 14:51:10.508009;21.676310157795324;21.622205357535208;96.90205826818662;1
2016-09-13 14:54:03.308009;21.908777291387725;21.622205357535208;98.07928219436954;1
2016-09-13 14:56:56.108009;21.879673166310294;21.622205357535208;97.79933651990123;1
2016-09-13 14:59:48.908009;21.611386567612552;21.622205357535208;93.4072431338619;1
2016-09-13 15:02:41.708009;21.361099349853294;21.622205357535208;98.59957286834026;1
2016-09-13 15:05:34.508009;21.33701311418394;21.622205357535208;95.36470813605489;1
2016-09-13 15:08:27.308009;21.58789744177589;21.622205357535208;98.08239015543735;1
2016-09-13 15:11:20.108009;21.87937925363105;21.622205357535208;92.45526313305032;1
2016-09-13 15:14:12.908009;21.9148270507787;21.622205357535208;93.66212957881247;1
2016-09-13 15:17:05.708009;21.700440835875597;21.622205357535208;94.67003090486823;1
2016-09-13 15:19:58.508009;21.404601571371806;21.622205357535208;93.06509857122794;1
2016-09-13 15:22:51.308009;21.311216313966952;21.622205357535208;94.99263590971621;1
2016-09-13 15:25:44.108009;21.503706799034315;21.622205357535208;92.67333767390328;1
2016-09-13 15:28:36.908009;21.806757439322666;21.622205357535208;97.54712568836722;1
2016-09-13 15:31:29.708009;21.943283888374463;21.622205357535208;92.97655122036873;1
2016-09-13 15:34:22.508009;21.784724725762345;21.622205357535208;99.1886105336828;1
2016-09-13 15:37:15.308009;21.478072673821544;21.622205357535208;97.325387901473;1
2016-09-13 15:40:08.108009;21.3128708848052;21.622205357535208;99.38548012806007;1
2016-09-13 15:43:00.908009;21.419315322977678;21.622205357535208;94.28408081523169;1
2016-09-13 15:45:53.708009;21.727174039932777;21.622205357535208;94.36936362470134;1
2016-09-13 15:48:46.508009;21.91480002485814;21.622205357535208;100.3039013186675;1
2016-09-13 15:51:39.308009;21.8588103479918;21.622205357535208;93.2823967361399;1
2016-09-13 15:54:32.108009;21.564961123269182;21.622205357535208;94.15877987043419;1
2016-09-13 15:57:24.908009;21.323953770442735;21.622205357535208;99.42241399058958;1
2016-09-13 16:00:17.708009;21.36099470614217;21.622205357535208;97.40056171599423;1
2016-09-13 16:03:10.508009;21.636398050630866;21.622205357535208;95.66657326972697;1
2016-09-13 16:06:03.308009;21.905331155309682;21.622205357535208;94.65393465593448;1
2016-09-13 16:08:56.108009;21.908199361179218;21.622205357535208;98.21971798725441;1
2016-09-13 16:11:48.908009;21.65302474776871;21.622205357535208;100.19897682042652;1
2016-09-13 16:14:41.708009;21.36893927851511;21.622205357535208;97.85850757665108;1
2016-09-13 16:17:34.508009;21.321826992560222;21.622205357535208;94.28825964906255;1
2016-09-13 16:20:27.308009;21.546123821994012;21.622205357535208;100.1995453205231;1
2016-09-13 16:23:20.108009;21.835721400153588;21.622205357535208;94.37710527477198;1
2016-09-13 16:26:12.908009;21.918659196418762;21.622205357535208;96.20861953367445;1
2016-09-13 16:29:05.708009;21.740818999977133;21.622205357535208;94.5410695570671;1
2016-09-13 16:31:58.508009;21.447498478266606;21.622205357535208;99.10112833435781;1
2016-09-13 16:34:51.308009;21.321049115054215;21.622205357535208;100.80310974248891;1
2016-09-13 16:37:44.108009;21.467610679237566;21.622205357535208;98.78407234451527;1
2016-09-13 16:40:36.908009;21.760903556053794;21.622205357535208;96.56951422246611;1
2016-09-13 16:43:29.708009;21.932073984834037;21.622205357535208;99.48290005140875;1
2016-09-13 16:46:22.508009;21.81422244461814;21.622205357535208;92.9712374107094;1
2016-09-13 16:49:15.308009;21.514626605083848;21.622205357535208;98.74005806475068;1
2016-09-13 16:52:08.108009;21.313909021148664;21.622205357535208;95.76109480149665;1
2016-09-13 16:55:00.908009;21.388987327471142;21.622205357535208;97.21938707587132;1
2016-09-13 16:57:53.708009;21.683669481095965;21.622205357535208;99.37035509570272;1
2016-09-13 17:00:46.508009;21.917494181133762;21.622205357535208;98.09836444133191;1
2016-09-13 17:03:39.308009;21.88986544195285;21.622205357535208;99.36699154000745;1
2016-09-13 17:06:32.108009;21.60530817566686;21.622205357535208;94.92565218487323;1
2016-09-13 17:09:24.908009;21.360869388451484;21.622205357535208;99.13755619085231;1
2016-09-13 17:12:17.708009;21.333848269645348;21.622205357535208;94.07910815893423;1
2016-09-13 17:15:10.508009;21.59568059357737;21.622205357535208;96.81728083798603;1
2016-09-13 17:18:03.308009;21.877639392582388;21.622205357535208;94.78104332364245;1
2016-09-13 17:20:56.108009;21.914866834234193;21.622205357535208;92.5712112706984;1
2016-09-13 17:23:48.908009;21.696547992782605;21.622205357535208;100.7179740990665;1
2016-09-13 17:26:41.708009;21.398861978921914;21.622205357535208;95.57472695183266;1
2016-09-13 17:29:34.508009;21.301014884088918;21.622205357535208;98.35643299254734;1
2016-09-13 17:32:27.308009;21.508270853632748;21.622205357535208;100.00879857169184;1
2016-09-13 17:35:20.108009;21.804678116034143;21.622205357535208;96.20983718123338;1
2016-09-13 17:38:12.908009;21.949526397990947;21.622205357535208;100.47535692163258;1
2016-09-13 17:41:05.708009;21.773341160021864;21.622205357535208;94.95850694481761;1
